target_mode,beta,threshold,beta_over_threshold,target_overlap,recovered_mode,ground_value
2,0.0,0.1342205280140478,0.0,1.0333697487231238e-30,1,0.020667268230907254
2,0.0013981305001463313,0.1342205280140478,0.010416666666666668,1.5780889408376724e-31,1,0.022065398731053176
2,0.0027962610002926626,0.1342205280140478,0.020833333333333336,9.64198771064241e-32,1,0.023463529231199765
2,0.004194391500438994,0.1342205280140478,0.03125,3.009265538105056e-30,1,0.02486165973134602
2,0.005592522000585325,0.1342205280140478,0.04166666666666667,4.81482486096809e-35,1,0.026259790231492497
2,0.006990652500731657,0.1342205280140478,0.052083333333333336,5.132874135690413e-31,1,0.02765792073163853
2,0.008388783000877987,0.1342205280140478,0.0625,1.98414117695634e-30,1,0.02905605123178523
2,0.009786913501024319,0.1342205280140478,0.07291666666666667,5.590041756239333e-31,1,0.030454181731931373
2,0.01118504400117065,0.1342205280140478,0.08333333333333334,3.6863502841786936e-33,1,0.03185231223207774
2,0.012583174501316982,0.1342205280140478,0.09375,4.4789908269155654e-32,1,0.03325044273222422
2,0.013981305001463313,0.1342205280140478,0.10416666666666667,1.074939742866507e-31,1,0.03464857323237014
2,0.015379435501609645,0.1342205280140478,0.11458333333333334,1.521246924088406e-30,1,0.036046703732516505
2,0.016777566001755975,0.1342205280140478,0.125,3.6863502841786936e-31,1,0.03744483423266298
2,0.018175696501902306,0.1342205280140478,0.13541666666666666,2.491972792104797e-32,1,0.03884296473280913
2,0.019573827002048638,0.1342205280140478,0.14583333333333334,5.015485696314473e-30,1,0.04024109523295527
2,0.02097195750219497,0.1342205280140478,0.15625,1.7333369499485123e-31,1,0.04163922573310164
2,0.0223700880023413,0.1342205280140478,0.16666666666666669,1.9262007782856653e-31,1,0.043037356233248
2,0.023768218502487632,0.1342205280140478,0.17708333333333334,1.346829893499837e-30,1,0.04443548673339426
2,0.025166349002633964,0.1342205280140478,0.1875,5.085658759397545e-34,1,0.045833617233540846
2,0.026564479502780295,0.1342205280140478,0.19791666666666669,4.79078082931863e-31,1,0.04723174773368721
2,0.027962610002926627,0.1342205280140478,0.20833333333333334,1.1014664185849031e-30,1,0.04862987823383336
2,0.029360740503072958,0.1342205280140478,0.21875000000000003,5.384448734675996e-31,1,0.05002800873397972
2,0.03075887100321929,0.1342205280140478,0.22916666666666669,6.846951786195053e-31,1,0.05142613923412609
2,0.03215700150336562,0.1342205280140478,0.23958333333333334,1.4577363749066988e-30,1,0.05282426973427223
2,0.03355513200351195,0.1342205280140478,0.25,5.730845290767269e-32,1,0.05422240023441882
2,0.03495326250365828,0.1342205280140478,0.2604166666666667,9.40338304612606e-31,1,0.055620530734564744
2,0.03635139300380461,0.1342205280140478,0.2708333333333333,1.3270861023043297e-33,1,0.05701866123471133
2,0.037749523503950944,0.1342205280140478,0.28125,6.4509324413804275e-31,1,0.05841679173485792
2,0.039147654004097275,0.1342205280140478,0.2916666666666667,3.549115738578951e-30,1,0.059814922235004064
2,0.04054578450424361,0.1342205280140478,0.30208333333333337,1.2558146572998496e-30,1,0.06121305273515032
2,0.04194391500438994,0.1342205280140478,0.3125,2.3303752327085554e-32,1,0.0626111832352968
2,0.04334204550453627,0.1342205280140478,0.3229166666666667,4.800287099153504e-30,1,0.06400931373544272
2,0.0447401760046826,0.1342205280140478,0.33333333333333337,8.696777405123612e-30,1,0.06540744423558942
2,0.04613830650482893,0.1342205280140478,0.34375,7.173896449848015e-30,1,0.06680557473573545
2,0.047536437004975264,0.1342205280140478,0.3541666666666667,1.087488681086959e-29,1,0.06820370523588137
2,0.048934567505121596,0.1342205280140478,0.36458333333333337,1.6836961056319313e-30,1,0.06960183573602807
2,0.05033269800526793,0.1342205280140478,0.375,2.2412076855489645e-30,1,0.07099996623617444
2,0.05173082850541426,0.1342205280140478,0.3854166666666667,1.7710960102144393e-29,1,0.07239809673632047
2,0.05312895900556059,0.1342205280140478,0.39583333333333337,7.583469526646265e-31,1,0.07379622723646684
2,0.05452708950570692,0.1342205280140478,0.40625000000000006,2.6010887605164862e-31,1,0.07519435773661365
2,0.05592522000585325,0.1342205280140478,0.4166666666666667,2.9105917211105912e-31,1,0.07659248823675935
2,0.057323350505999585,0.1342205280140478,0.42708333333333337,9.110852343166868e-32,1,0.07799061873690616
2,0.058721481006145916,0.1342205280140478,0.43750000000000006,5.6316117503827164e-30,1,0.07938874923705219
2,0.06011961150629225,0.1342205280140478,0.4479166666666667,2.180773809453416e-29,1,0.08078687973719823
2,0.06151774200643858,0.1342205280140478,0.45833333333333337,1.724681098554707e-29,1,0.08218501023734565
2,0.06291587250658491,0.1342205280140478,0.46875000000000006,3.368463509795428e-30,1,0.08358314073749201
2,0.06431400300673124,0.1342205280140478,0.4791666666666667,3.267352187715098e-30,1,0.0849812712376382
2,0.06571213350687757,0.1342205280140478,0.48958333333333337,3.856145082900733e-30,1,0.08637940173778452
2,0.0671102640070239,0.1342205280140478,0.5,1.929247358716443e-29,1,0.0877775322379308
2,0.06850839450717024,0.1342205280140478,0.5104166666666667,1.0077729360560022e-29,1,0.08917566273807714
2,0.06990652500731656,0.1342205280140478,0.5208333333333334,5.435485878202257e-31,1,0.09057379323822376
2,0.0713046555074629,0.1342205280140478,0.5312500000000001,9.459713487733849e-30,1,0.09197192373837008
2,0.07270278600760922,0.1342205280140478,0.5416666666666666,3.972835372671833e-30,1,0.09337005423851645
2,0.07410091650775556,0.1342205280140478,0.5520833333333334,5.471355119710254e-29,1,0.09476818473866258
2,0.07549904700790189,0.1342205280140478,0.5625,2.611716282690858e-29,1,0.09616631523880892
2,0.07689717750804823,0.1342205280140478,0.5729166666666667,1.4745401136714774e-32,1,0.09756444573895517
2,0.07829530800819455,0.1342205280140478,0.5833333333333334,3.71590006805667e-29,1,0.0989625762391016
2,0.07969343850834089,0.1342205280140478,0.5937500000000001,2.81775587926005e-29,1,0.10036070673924768
2,0.08109156900848721,0.1342205280140478,0.6041666666666667,2.8547096600679803e-29,1,0.10175883723939433
2,0.08248969950863355,0.1342205280140478,0.6145833333333334,6.292121461872471e-30,1,0.10315696773954058
2,0.08388783000877988,0.1342205280140478,0.625,1.3056869141363108e-29,1,0.10455509823968696
2,0.08528596050892621,0.1342205280140478,0.6354166666666667,4.5069469037645614e-29,1,0.1059532287398332
2,0.08668409100907254,0.1342205280140478,0.6458333333333334,1.2194052526277627e-29,1,0.10735135923997974
2,0.08808222150921888,0.1342205280140478,0.6562500000000001,7.020285481189904e-29,1,0.10874948974012592
2,0.0894803520093652,0.1342205280140478,0.6666666666666667,4.783579355959391e-29,1,0.11014762024027236
2,0.09087848250951153,0.1342205280140478,0.6770833333333334,1.8597850841534715e-29,1,0.11154575074041873
2,0.09227661300965787,0.1342205280140478,0.6875,1.1493107313752354e-30,1,0.1129438812405649
2,0.09367474350980419,0.1342205280140478,0.6979166666666666,7.956547434704593e-29,1,0.11434201174071094
2,0.09507287400995053,0.1342205280140478,0.7083333333333334,7.52316384526264e-29,1,0.11574014224085762
2,0.09647100451009685,0.1342205280140478,0.71875,1.4777467870288822e-29,1,0.11713827274100372
2,0.09786913501024319,0.1342205280140478,0.7291666666666667,1.642533686413029e-28,1,0.1185364032411505
2,0.09926726551038952,0.1342205280140478,0.7395833333333334,4.1107819104978917e-29,1,0.11993453374129656
2,0.10066539601053585,0.1342205280140478,0.75,3.3389489343242473e-29,1,0.12133266424144286
2,0.10206352651068218,0.1342205280140478,0.7604166666666666,1.311962737416029e-29,1,0.12273079474158911
2,0.10346165701082852,0.1342205280140478,0.7708333333333334,7.40924629275835e-29,1,0.12412892524173536
2,0.10485978751097484,0.1342205280140478,0.78125,9.750020343460382e-30,1,0.125527055741882
2,0.10625791801112118,0.1342205280140478,0.7916666666666667,8.065231573511564e-29,1,0.12692518624202825
2,0.1076560485112675,0.1342205280140478,0.8020833333333334,1.940401502359983e-30,1,0.12832331674217473
2,0.10905417901141384,0.1342205280140478,0.8125000000000001,7.646050212776698e-30,1,0.12972144724232093
2,0.11045230951156017,0.1342205280140478,0.8229166666666666,4.0974460493392253e-29,1,0.13111957774246719
2,0.1118504400117065,0.1342205280140478,0.8333333333333334,1.0923821982417485e-28,1,0.1325177082426136
2,0.11324857051185283,0.1342205280140478,0.84375,8.668095794353379e-29,1,0.13391583874275992
2,0.11464670101199917,0.1342205280140478,0.8541666666666667,5.951066051184781e-29,1,0.13531396924290628
2,0.1160448315121455,0.1342205280140478,0.8645833333333334,3.5053637259938874e-29,1,0.1367120997430526
2,0.11744296201229183,0.1342205280140478,0.8750000000000001,1.6124366976896035e-30,1,0.13811023024319896
2,0.11884109251243816,0.1342205280140478,0.8854166666666667,3.187572465698801e-28,1,0.13950836074334544
2,0.1202392230125845,0.1342205280140478,0.8958333333333334,2.1476738144642046e-28,1,0.1409064912434917
2,0.12163735351273082,0.1342205280140478,0.90625,1.063594811787851e-29,1,0.14230462174363795
2,0.12303548401287716,0.1342205280140478,0.9166666666666667,4.268585989756798e-30,1,0.14370275224378443
2,0.12443361451302348,0.1342205280140478,0.9270833333333334,3.314934995330169e-29,1,0.14510088274393068
2,0.12583174501316982,0.1342205280140478,0.9375000000000001,5.773095378922264e-29,1,0.14649901324407694
2,0.12722987551331616,0.1342205280140478,0.9479166666666669,1.0824603668916555e-27,1,0.1478971437442232
2,0.12862800601346247,0.1342205280140478,0.9583333333333334,1.2651631212499052e-28,1,0.14929527424436945
2,0.1300261365136088,0.1342205280140478,0.96875,9.712031676233897e-29,1,0.15069340474451592
2,0.13142426701375515,0.1342205280140478,0.9791666666666667,2.5681053113723003e-27,1,0.15209153524466218
2,0.13282239751390149,0.1342205280140478,0.9895833333333335,5.879553576047761e-27,1,0.15348966574480843
2,0.1342205280140478,0.1342205280140478,1.0,0.4526822240202314,1,0.15488779624495463
2,0.13561865851419413,0.1342205280140478,1.0104166666666667,0.9999999999999998,2,0.1548877962449546
2,0.13701678901434047,0.1342205280140478,1.0208333333333335,0.9999999999999996,2,0.1548877962449545
2,0.13841491951448678,0.1342205280140478,1.03125,0.9999999999999996,2,0.15488779624495455
2,0.13981305001463312,0.1342205280140478,1.0416666666666667,0.9999999999999993,2,0.15488779624495455
2,0.14121118051477946,0.1342205280140478,1.0520833333333335,0.9999999999999998,2,0.1548877962449545
2,0.1426093110149258,0.1342205280140478,1.0625000000000002,0.9999999999999998,2,0.15488779624495472
2,0.1440074415150721,0.1342205280140478,1.0729166666666667,1.0,2,0.15488779624495466
2,0.14540557201521845,0.1342205280140478,1.0833333333333333,1.0,2,0.1548877962449545
2,0.1468037025153648,0.1342205280140478,1.09375,0.9999999999999998,2,0.15488779624495444
2,0.14820183301551113,0.1342205280140478,1.1041666666666667,0.9999999999999996,2,0.15488779624495455
2,0.14959996351565744,0.1342205280140478,1.1145833333333333,1.0,2,0.15488779624495466
2,0.15099809401580377,0.1342205280140478,1.125,0.9999999999999996,2,0.1548877962449546
2,0.1523962245159501,0.1342205280140478,1.1354166666666667,0.9999999999999998,2,0.15488779624495472
2,0.15379435501609645,0.1342205280140478,1.1458333333333335,1.0,2,0.15488779624495472
2,0.15519248551624276,0.1342205280140478,1.15625,0.9999999999999996,2,0.15488779624495488
2,0.1565906160163891,0.1342205280140478,1.1666666666666667,0.9999999999999996,2,0.15488779624495438
2,0.15798874651653544,0.1342205280140478,1.1770833333333335,1.0,2,0.15488779624495466
2,0.15938687701668178,0.1342205280140478,1.1875000000000002,0.9999999999999993,2,0.15488779624495427
2,0.1607850075168281,0.1342205280140478,1.1979166666666667,0.9999999999999991,2,0.15488779624495433
2,0.16218313801697443,0.1342205280140478,1.2083333333333335,0.9999999999999998,2,0.15488779624495466
2,0.16358126851712076,0.1342205280140478,1.21875,0.9999999999999996,2,0.15488779624495477
2,0.1649793990172671,0.1342205280140478,1.2291666666666667,0.9999999999999993,2,0.15488779624495455
2,0.16637752951741341,0.1342205280140478,1.2395833333333333,0.9999999999999996,2,0.15488779624495477
2,0.16777566001755975,0.1342205280140478,1.25,0.9999999999999998,2,0.15488779624495438
3,0.0,0.36604438355375984,0.0,1.232595164407831e-32,1,0.020667268230907254
3,0.0038129623286849985,0.36604438355375984,0.010416666666666668,1.3019286424057714e-31,1,0.02448023055959192
3,0.007625924657369997,0.36604438355375984,0.020833333333333336,1.9259299443872359e-32,1,0.02829319288827714
3,0.011438886986054995,0.36604438355375984,0.03125,7.703719777548943e-32,1,0.03210615521696214
3,0.015251849314739994,0.36604438355375984,0.04166666666666667,6.240013019814644e-32,1,0.03591911754564725
3,0.01906481164342499,0.36604438355375984,0.05208333333333333,1.3019286424057714e-31,1,0.03973207987433225
3,0.02287777397210999,0.36604438355375984,0.0625,9.321500930834222e-32,1,0.04354504220301725
3,0.02669073630079499,0.36604438355375984,0.07291666666666667,0.0,1,0.04735800453170225
3,0.030503698629479988,0.36604438355375984,0.08333333333333334,3.774822690998982e-32,1,0.051170966860387024
3,0.034316660958164984,0.36604438355375984,0.09375,1.9721522630525295e-31,1,0.054983929189072134
3,0.03812962328684998,0.36604438355375984,0.10416666666666666,3.774822690998982e-32,1,0.05879689151775702
3,0.04194258561553498,0.36604438355375984,0.11458333333333333,1.9259299443872359e-32,1,0.06260985384644213
3,0.04575554794421998,0.36604438355375984,0.125,6.478828332918661e-31,1,0.06642281617512724
3,0.04956851027290498,0.36604438355375984,0.13541666666666666,1.232595164407831e-32,1,0.07023577850381213
3,0.05338147260158998,0.36604438355375984,0.14583333333333334,1.3019286424057714e-31,1,0.07404874083249724
3,0.05719443493027498,0.36604438355375984,0.15625,1.1093356479670479e-31,1,0.07786170316118235
3,0.061007397258959976,0.36604438355375984,0.16666666666666669,4.81482486096809e-31,1,0.08167466548986713
3,0.06482035958764497,0.36604438355375984,0.17708333333333331,5.61601171783318e-31,1,0.08548762781855201
3,0.06863332191632997,0.36604438355375984,0.1875,0.0,1,0.08930059014723706
3,0.07244628424501497,0.36604438355375984,0.19791666666666666,1.1093356479670479e-31,1,0.09311355247592208
3,0.07625924657369997,0.36604438355375984,0.20833333333333331,1.9259299443872359e-32,1,0.09692651480460668
3,0.08007220890238496,0.36604438355375984,0.21875,6.933347799794049e-33,1,0.10073947713329212
3,0.08388517123106996,0.36604438355375984,0.22916666666666666,1.0546392375464504e-30,1,0.10455243946197693
3,0.08769813355975496,0.36604438355375984,0.23958333333333334,7.703719777548943e-34,1,0.1083654017906619
3,0.09151109588843996,0.36604438355375984,0.25,3.0814879110195774e-33,1,0.11217836411934692
3,0.09532405821712496,0.36604438355375984,0.2604166666666667,1.509929076399593e-31,1,0.11599132644803198
3,0.09913702054580996,0.36604438355375984,0.2708333333333333,5.61601171783318e-31,1,0.1198042887767172
3,0.10294998287449496,0.36604438355375984,0.28125,5.61601171783318e-31,1,0.12361725110540214
3,0.10676294520317996,0.36604438355375984,0.2916666666666667,3.0814879110195774e-33,1,0.12743021343408698
3,0.11057590753186496,0.36604438355375984,0.3020833333333333,2.7810428396951686e-31,1,0.13124317576277197
3,0.11438886986054995,0.36604438355375984,0.3125,6.933347799794049e-33,1,0.13505613809145714
3,0.11820183218923495,0.36604438355375984,0.3229166666666667,4.930380657631324e-32,1,0.13886910042014208
3,0.12201479451791995,0.36604438355375984,0.33333333333333337,4.075267762323391e-31,1,0.14268206274882703
3,0.12582775684660494,0.36604438355375984,0.34375,5.207714569623086e-31,1,0.14649502507751197
3,0.12964071917528994,0.36604438355375984,0.35416666666666663,3.0814879110195774e-31,1,0.15030798740619714
3,0.13345368150397494,0.36604438355375984,0.3645833333333333,3.397340421899084e-31,1,0.15412094973488186
3,0.13726664383265993,0.36604438355375984,0.375,1.560003254953661e-30,1,0.15793391206356697
3,0.14107960616134493,0.36604438355375984,0.38541666666666663,1.4244177868687996e-30,1,0.16174687439225197
3,0.14489256849002993,0.36604438355375984,0.3958333333333333,6.240013019814644e-32,1,0.1655598367209372
3,0.14870553081871493,0.36604438355375984,0.40625,3.0814879110195774e-31,1,0.16937279904962207
3,0.15251849314739993,0.36604438355375984,0.41666666666666663,1.8496631185895013e-30,1,0.17318576137830696
3,0.15633145547608493,0.36604438355375984,0.4270833333333333,1.7749370367472766e-30,1,0.1769987237069919
3,0.16014441780476993,0.36604438355375984,0.4375,9.98402083170343e-31,1,0.18081168603567707
3,0.16395738013345493,0.36604438355375984,0.4479166666666667,1.2425329629208691e-29,1,0.1846246483643619
3,0.16777034246213993,0.36604438355375984,0.4583333333333333,1.509929076399593e-29,1,0.18843761069304701
3,0.17158330479082493,0.36604438355375984,0.46875,8.819988773315785e-30,1,0.192250573021732
3,0.17539626711950992,0.36604438355375984,0.4791666666666667,1.3220353510251742e-29,1,0.19606353535041698
3,0.17920922944819492,0.36604438355375984,0.4895833333333333,1.2819760081819197e-29,1,0.1998764976791022
3,0.18302219177687992,0.36604438355375984,0.5,9.321500930834222e-30,1,0.203689460007787
3,0.18683515410556492,0.36604438355375984,0.5104166666666666,1.2425329629208691e-29,1,0.2075024223364719
3,0.19064811643424992,0.36604438355375984,0.5208333333333334,1.3832799232566883e-29,1,0.2113153846651569
3,0.19446107876293492,0.36604438355375984,0.53125,1.553378055944969e-29,1,0.21512834699384203
3,0.19827404109161992,0.36604438355375984,0.5416666666666666,1.3019286424057714e-29,1,0.21894130932252684
3,0.20208700342030492,0.36604438355375984,0.5520833333333334,1.597443333072549e-29,1,0.22275427165121206
3,0.20589996574898992,0.36604438355375984,0.5625,1.4459111650481612e-29,1,0.22656723397989692
3,0.20971292807767491,0.36604438355375984,0.5729166666666666,1.553378055944969e-29,1,0.230380196308582
3,0.21352589040635991,0.36604438355375984,0.5833333333333334,1.5315765289745054e-29,1,0.23419315863726703
3,0.2173388527350449,0.36604438355375984,0.59375,2.6651788942408325e-29,1,0.2380061209659519
3,0.2211518150637299,0.36604438355375984,0.6041666666666666,1.898889887968039e-29,1,0.24181908329463692
3,0.2249647773924149,0.36604438355375984,0.6145833333333334,2.359264181874364e-29,1,0.24563204562332186
3,0.2287777397210999,0.36604438355375984,0.625,1.0366125332669858e-29,1,0.24944500795200722
3,0.2325907020497849,0.36604438355375984,0.6354166666666667,1.8508186765561337e-29,1,0.2532579702806922
3,0.2364036643784699,0.36604438355375984,0.6458333333333334,3.9000081373841526e-29,1,0.2570709326093767
3,0.2402166267071549,0.36604438355375984,0.65625,2.5238156363228094e-29,1,0.2608838949380622
3,0.2440295890358399,0.36604438355375984,0.6666666666666667,3.332937324558775e-29,1,0.2646968572667466
3,0.2478425513645249,0.36604438355375984,0.6770833333333334,2.929339445412986e-29,1,0.26850981959543185
3,0.2516555136932099,0.36604438355375984,0.6875,2.8398992587956425e-29,1,0.2723227819241172
3,0.2554684760218949,0.36604438355375984,0.6979166666666666,3.050750069107157e-29,1,0.2761357442528018
3,0.2592814383505799,0.36604438355375984,0.7083333333333333,2.1742978700154138e-29,1,0.27994870658148713
3,0.2630944006792649,0.36604438355375984,0.71875,4.400441774133732e-29,1,0.28376166891017207
3,0.26690736300794987,0.36604438355375984,0.7291666666666666,6.301334629243934e-29,1,0.28757463123885685
3,0.27072032533663487,0.36604438355375984,0.7395833333333333,4.254379247151404e-29,1,0.2913875935675419
3,0.27453328766531987,0.36604438355375984,0.75,6.213512223779876e-29,1,0.2952005558962267
3,0.27834624999400487,0.36604438355375984,0.7604166666666666,5.288141404100697e-29,1,0.2990135182249119
3,0.28215921232268987,0.36604438355375984,0.7708333333333333,5.65768884182972e-29,1,0.30282648055359673
3,0.28597217465137487,0.36604438355375984,0.78125,6.257346389314129e-29,1,0.3066394428822821
3,0.28978513698005987,0.36604438355375984,0.7916666666666666,4.699962399084835e-29,1,0.3104524052109672
3,0.29359809930874486,0.36604438355375984,0.8020833333333333,6.434223795406653e-29,1,0.314265367539652
3,0.29741106163742986,0.36604438355375984,0.8125,8.287969885478255e-29,1,0.31807832986833684
3,0.30122402396611486,0.36604438355375984,0.8229166666666666,7.741390967261158e-29,1,0.32189129219702173
3,0.30503698629479986,0.36604438355375984,0.8333333333333333,1.0603476939016141e-28,1,0.32570425452570695
3,0.30884994862348486,0.36604438355375984,0.84375,1.2823920090499073e-28,1,0.329517216854392
3,0.31266291095216986,0.36604438355375984,0.8541666666666666,9.116273835960318e-29,1,0.33333017918307684
3,0.31647587328085486,0.36604438355375984,0.8645833333333333,1.3203867549927787e-28,1,0.33714314151176195
3,0.32028883560953986,0.36604438355375984,0.875,1.4310506895972693e-28,1,0.3409561038404469
3,0.32410179793822486,0.36604438355375984,0.8854166666666666,2.398661004816749e-28,1,0.3447690661691319
3,0.32791476026690985,0.36604438355375984,0.8958333333333334,3.1161238351394374e-28,1,0.34858202849781716
3,0.33172772259559485,0.36604438355375984,0.90625,2.7090053560553084e-28,1,0.3523949908265017
3,0.33554068492427985,0.36604438355375984,0.9166666666666666,3.8943921256663194e-28,1,0.3562079531551867
3,0.33935364725296485,0.36604438355375984,0.9270833333333334,3.3863163988974115e-28,1,0.36002091548387183
3,0.34316660958164985,0.36604438355375984,0.9375,7.519939838535736e-28,1,0.3638338778125567
3,0.34697957191033485,0.36604438355375984,0.9479166666666666,1.050959940980693e-27,1,0.367646840141242
3,0.35079253423901985,0.36604438355375984,0.9583333333333334,1.9451283844448656e-27,1,0.37145980246992705
3,0.35460549656770485,0.36604438355375984,0.96875,2.327019492373455e-27,1,0.37527276479861227
3,0.35841845889638985,0.36604438355375984,0.9791666666666666,7.251221766743185e-27,1,0.3790857271272971
3,0.36223142122507485,0.36604438355375984,0.9895833333333334,1.8906558441210036e-26,1,0.38289868945598204
3,0.36604438355375984,0.36604438355375984,1.0,0.6220363222585511,3,0.38671165178466627
3,0.36985734588244484,0.36604438355375984,1.0104166666666667,1.0000000000000004,3,0.38671165178466677
3,0.37367030821112984,0.36604438355375984,1.0208333333333333,1.0,3,0.38671165178466665
3,0.37748327053981484,0.36604438355375984,1.03125,1.0,3,0.3867116517846669
3,0.38129623286849984,0.36604438355375984,1.0416666666666667,1.0,3,0.3867116517846667
3,0.38510919519718484,0.36604438355375984,1.0520833333333333,1.0,3,0.38671165178466665
3,0.38892215752586984,0.36604438355375984,1.0625,1.0000000000000004,3,0.3867116517846666
3,0.39273511985455484,0.36604438355375984,1.0729166666666667,1.0,3,0.3867116517846665
3,0.39654808218323984,0.36604438355375984,1.0833333333333333,1.0000000000000004,3,0.3867116517846666
3,0.40036104451192484,0.36604438355375984,1.09375,1.0,3,0.3867116517846664
3,0.40417400684060983,0.36604438355375984,1.1041666666666667,1.0000000000000004,3,0.3867116517846666
3,0.40798696916929483,0.36604438355375984,1.1145833333333333,1.0000000000000009,3,0.3867116517846665
3,0.41179993149797983,0.36604438355375984,1.125,1.0000000000000004,3,0.3867116517846665
3,0.41561289382666483,0.36604438355375984,1.1354166666666667,1.0000000000000004,3,0.3867116517846667
3,0.41942585615534983,0.36604438355375984,1.1458333333333333,1.0000000000000004,3,0.38671165178466693
3,0.42323881848403483,0.36604438355375984,1.15625,1.0000000000000009,3,0.3867116517846666
3,0.42705178081271983,0.36604438355375984,1.1666666666666667,1.0000000000000004,3,0.3867116517846666
3,0.4308647431414048,0.36604438355375984,1.1770833333333333,1.0,3,0.3867116517846665
3,0.4346777054700898,0.36604438355375984,1.1875,1.0,3,0.3867116517846665
3,0.4384906677987748,0.36604438355375984,1.1979166666666667,1.0000000000000004,3,0.3867116517846665
3,0.4423036301274598,0.36604438355375984,1.2083333333333333,1.0,3,0.3867116517846667
3,0.4461165924561448,0.36604438355375984,1.21875,1.0,3,0.3867116517846667
3,0.4499295547848298,0.36604438355375984,1.2291666666666667,0.9999999999999998,3,0.3867116517846666
3,0.4537425171135148,0.36604438355375984,1.2395833333333333,1.0000000000000004,3,0.3867116517846666
3,0.4575554794421998,0.36604438355375984,1.25,1.0,3,0.3867116517846666
4,0.0,0.6317154207284909,0.0,3.774822690998982e-32,1,0.020667268230907254
4,0.00658036896592178,0.6317154207284909,0.010416666666666666,0.0,1,0.027247637196828878
4,0.01316073793184356,0.6317154207284909,0.020833333333333332,6.933347799794049e-33,1,0.0338280061627505
4,0.01974110689776534,0.6317154207284909,0.03125,3.0814879110195774e-33,1,0.04040837512867279
4,0.02632147586368712,0.6317154207284909,0.041666666666666664,7.703719777548943e-34,1,0.04698874409459419
4,0.032901844829608895,0.6317154207284909,0.05208333333333333,7.703719777548943e-34,1,0.05356911306051637
4,0.03948221379553068,0.6317154207284909,0.0625,1.9721522630525295e-31,1,0.06014948202643777
4,0.04606258276145246,0.6317154207284909,0.07291666666666667,6.933347799794049e-33,1,0.06672985099235984
4,0.05264295172737424,0.6317154207284909,0.08333333333333333,4.930380657631324e-32,1,0.07331021995828169
4,0.059223320693296014,0.6317154207284909,0.09375,2.7733391199176196e-32,1,0.07989058892420342
4,0.06580368965921779,0.6317154207284909,0.10416666666666666,1.232595164407831e-32,1,0.08647095789012504
4,0.07238405862513958,0.6317154207284909,0.11458333333333334,6.933347799794049e-33,1,0.09305132685604667
4,0.07896442759106136,0.6317154207284909,0.125,3.7286003723336886e-31,1,0.09963169582196864
4,0.08554479655698313,0.6317154207284909,0.13541666666666666,9.321500930834222e-32,1,0.10621206478789026
4,0.09212516552290492,0.6317154207284909,0.14583333333333334,3.0814879110195774e-33,1,0.11279243375381193
4,0.0987055344888267,0.6317154207284909,0.15625,4.930380657631324e-32,1,0.1193728027197338
4,0.10528590345474848,0.6317154207284909,0.16666666666666666,3.0814879110195774e-31,1,0.12595317168565565
4,0.11186627242067025,0.6317154207284909,0.17708333333333331,9.321500930834222e-32,1,0.1325335406515775
4,0.11844664138659203,0.6317154207284909,0.1875,0.0,1,0.13911390961749934
4,0.12502701035251382,0.6317154207284909,0.19791666666666669,7.703719777548943e-34,1,0.14569427858342085
4,0.13160737931843558,0.6317154207284909,0.20833333333333331,3.774822690998982e-32,1,0.15227464754934253
4,0.13818774828435737,0.6317154207284909,0.21875,3.774822690998982e-32,1,0.15885501651526449
4,0.14476811725027916,0.6317154207284909,0.22916666666666669,7.703719777548943e-34,1,0.16543538548118633
4,0.15134848621620092,0.6317154207284909,0.23958333333333331,3.0814879110195774e-33,1,0.17201575444710795
4,0.1579288551821227,0.6317154207284909,0.25,3.0814879110195774e-33,1,0.1785961234130302
4,0.1645092241480445,0.6317154207284909,0.2604166666666667,3.0814879110195774e-33,1,0.18517649237895148
4,0.17108959311396627,0.6317154207284909,0.2708333333333333,1.1093356479670479e-31,1,0.1917568613448733
4,0.17766996207988806,0.6317154207284909,0.28125,7.703719777548943e-34,1,0.19833723031079525
4,0.18425033104580985,0.6317154207284909,0.2916666666666667,1.9259299443872359e-32,1,0.204917599276717
4,0.1908307000117316,0.6317154207284909,0.3020833333333333,6.933347799794049e-33,1,0.21149796824263856
4,0.1974110689776534,0.6317154207284909,0.3125,7.703719777548943e-34,1,0.2180783372085605
4,0.20399143794357516,0.6317154207284909,0.32291666666666663,6.933347799794049e-33,1,0.22465870617448236
4,0.21057180690949695,0.6317154207284909,0.3333333333333333,9.321500930834222e-32,1,0.2312390751404042
4,0.21715217587541874,0.6317154207284909,0.34375,1.9721522630525295e-31,1,0.23781944410632594
4,0.2237325448413405,0.6317154207284909,0.35416666666666663,2.2263750157116446e-31,1,0.24439981307224756
4,0.2303129138072623,0.6317154207284909,0.3645833333333333,1.7333369499485123e-31,1,0.25098018203816924
4,0.23689328277318406,0.6317154207284909,0.375,1.509929076399593e-31,1,0.25756055100409125
4,0.24347365173910585,0.6317154207284909,0.3854166666666667,3.0814879110195774e-31,1,0.264140919970013
4,0.25005402070502764,0.6317154207284909,0.39583333333333337,4.075267762323391e-31,1,0.27072128893593445
4,0.2566343896709494,0.6317154207284909,0.40625,6.039716305598372e-31,1,0.2773016579018565
4,0.26321475863687116,0.6317154207284909,0.41666666666666663,1.9259299443872359e-32,1,0.2838820268677782
4,0.26979512760279295,0.6317154207284909,0.4270833333333333,6.039716305598372e-31,1,0.2904623958336998
4,0.27637549656871474,0.6317154207284909,0.4375,6.039716305598372e-31,1,0.2970427647996218
4,0.28295586553463653,0.6317154207284909,0.4479166666666667,4.075267762323391e-31,1,0.30362313376554373
4,0.2895362345005583,0.6317154207284909,0.45833333333333337,1.0546392375464504e-30,1,0.3102035027314656
4,0.2961166034664801,0.6317154207284909,0.46875000000000006,1.9259299443872359e-32,1,0.3167838716973876
4,0.30269697243240185,0.6317154207284909,0.47916666666666663,1.1093356479670479e-31,1,0.323364240663309
4,0.30927734139832364,0.6317154207284909,0.4895833333333333,8.905500062846579e-31,1,0.32994460962923106
4,0.3158577103642454,0.6317154207284909,0.5,2.3303752327085554e-30,1,0.3365249785951526
4,0.3224380793301672,0.6317154207284909,0.5104166666666666,8.3893508377508e-31,1,0.34310534756107414
4,0.329018448296089,0.6317154207284909,0.5208333333333334,8.905500062846579e-31,1,0.34968571652699637
4,0.33559881726201074,0.6317154207284909,0.53125,2.4158865222393487e-30,1,0.3562660854929177
4,0.34217918622793253,0.6317154207284909,0.5416666666666666,3.397340421899084e-31,1,0.36284645445883934
4,0.3487595551938543,0.6317154207284909,0.5520833333333334,1.4914401489334754e-30,1,0.36942682342476163
4,0.3553399241597761,0.6317154207284909,0.5625,2.3303752327085554e-30,1,0.37600719239068325
4,0.3619202931256979,0.6317154207284909,0.5729166666666667,2.7810428396951686e-31,1,0.3825875613566051
4,0.3685006620916197,0.6317154207284909,0.5833333333333334,2.4960052079258577e-31,1,0.3891679303225267
4,0.3750810310575414,0.6317154207284909,0.59375,2.3303752327085554e-30,1,0.3957482992884488
4,0.3816614000234632,0.6317154207284909,0.6041666666666666,4.437342591868191e-31,1,0.4023286682543702
4,0.388241768989385,0.6317154207284909,0.6145833333333334,6.478828332918661e-31,1,0.4089090372202917
4,0.3948221379553068,0.6317154207284909,0.625,8.905500062846579e-31,1,0.41548940618621377
4,0.4014025069212286,0.6317154207284909,0.6354166666666667,1.232595164407831e-30,1,0.42206977515213584
4,0.4079828758871503,0.6317154207284909,0.6458333333333333,1.1093356479670479e-31,1,0.42865014411805735
4,0.4145632448530721,0.6317154207284909,0.65625,3.0814879110195774e-33,1,0.4352305130839791
4,0.4211436138189939,0.6317154207284909,0.6666666666666666,3.397340421899084e-31,1,0.44181088204990104
4,0.4277239827849157,0.6317154207284909,0.6770833333333334,1.232595164407831e-32,1,0.44839125101582256
4,0.4343043517508375,0.6317154207284909,0.6875,1.509929076399593e-31,1,0.4549716199817445
4,0.4408847207167592,0.6317154207284909,0.6979166666666666,7.703719777548943e-32,1,0.461551988947666
4,0.447465089682681,0.6317154207284909,0.7083333333333333,2.7733391199176196e-30,1,0.4681323579135883
4,0.4540454586486028,0.6317154207284909,0.71875,9.321500930834222e-32,1,0.4747127268795097
4,0.4606258276145246,0.6317154207284909,0.7291666666666666,3.0814879110195774e-33,1,0.48129309584543156
4,0.4672061965804464,0.6317154207284909,0.7395833333333334,6.933347799794049e-33,1,0.48787346481135363
4,0.4737865655463681,0.6317154207284909,0.75,1.6301071049293564e-30,1,0.49445383377727586
4,0.4803669345122899,0.6317154207284909,0.7604166666666666,1.9259299443872359e-32,1,0.5010342027431971
4,0.4869473034782117,0.6317154207284909,0.7708333333333334,6.240013019814644e-32,1,0.5076145717091192
4,0.4935276724441335,0.6317154207284909,0.78125,1.7333369499485123e-31,1,0.514194940675041
4,0.5001080414100553,0.6317154207284909,0.7916666666666667,5.61601171783318e-31,1,0.5207753096409622
4,0.506688410375977,0.6317154207284909,0.8020833333333333,4.437342591868191e-31,1,0.5273556786068845
4,0.5132687793418989,0.6317154207284909,0.8125,2.0830858278492343e-30,1,0.5339360475728059
4,0.5198491483078206,0.6317154207284909,0.8229166666666666,3.774822690998982e-32,1,0.5405164165387282
4,0.5264295172737423,0.6317154207284909,0.8333333333333333,3.2548216060144286e-30,1,0.5470967855046497
4,0.5330098862396642,0.6317154207284909,0.84375,7.55041575397572e-30,1,0.5536771544705715
4,0.5395902552055859,0.6317154207284909,0.8541666666666666,9.491753137918053e-30,1,0.560257523436493
4,0.5461706241715077,0.6317154207284909,0.8645833333333334,6.37945034778828e-30,1,0.5668378924024148
4,0.5527509931374295,0.6317154207284909,0.875,1.2230425518836703e-29,1,0.5734182613683367
4,0.5593313621033513,0.6317154207284909,0.8854166666666667,1.4884356982202314e-29,1,0.5799986303342581
4,0.5659117310692731,0.6317154207284909,0.8958333333333334,1.0011754222902607e-29,1,0.5865789993001802
4,0.5724921000351948,0.6317154207284909,0.9062499999999999,1.0188169405808478e-29,1,0.5931593682661016
4,0.5790724690011166,0.6317154207284909,0.9166666666666667,1.1657345804584837e-28,1,0.599739737232024
4,0.5856528379670384,0.6317154207284909,0.9270833333333333,2.69391376901109e-29,1,0.606320106197946
4,0.5922332069329602,0.6317154207284909,0.9375000000000001,2.4408465743186072e-29,1,0.6129004751638678
4,0.598813575898882,0.6317154207284909,0.9479166666666666,9.818313819288353e-29,1,0.6194808441297892
4,0.6053939448648037,0.6317154207284909,0.9583333333333333,1.124157604819052e-28,1,0.6260612130957107
4,0.6119743138307255,0.6317154207284909,0.96875,4.85342049705361e-29,1,0.6326415820616327
4,0.6185546827966473,0.6317154207284909,0.9791666666666666,6.706003325438802e-28,1,0.6392219510275539
4,0.6251350517625691,0.6317154207284909,0.9895833333333334,3.752365577475449e-27,1,0.6458023199934756
4,0.6317154207284909,0.6317154207284909,1.0,0.9117529103231905,4,0.6523826889593981
4,0.6382957896944126,0.6317154207284909,1.0104166666666665,1.0,4,0.652382688959398
4,0.6448761586603344,0.6317154207284909,1.0208333333333333,1.0,4,0.6523826889593979
4,0.6514565276262562,0.6317154207284909,1.03125,1.0000000000000004,4,0.6523826889593981
4,0.658036896592178,0.6317154207284909,1.0416666666666667,1.0,4,0.6523826889593977
4,0.6646172655580997,0.6317154207284909,1.0520833333333333,1.0,4,0.6523826889593981
4,0.6711976345240215,0.6317154207284909,1.0625,1.0,4,0.652382688959398
4,0.6777780034899433,0.6317154207284909,1.0729166666666667,1.0,4,0.652382688959398
4,0.6843583724558651,0.6317154207284909,1.0833333333333333,1.0,4,0.652382688959398
4,0.6909387414217869,0.6317154207284909,1.09375,0.9999999999999996,4,0.6523826889593981
4,0.6975191103877086,0.6317154207284909,1.1041666666666667,0.9999999999999998,4,0.6523826889593979
4,0.7040994793536304,0.6317154207284909,1.1145833333333333,1.0,4,0.6523826889593979
4,0.7106798483195522,0.6317154207284909,1.125,1.0,4,0.6523826889593979
4,0.717260217285474,0.6317154207284909,1.1354166666666665,0.9999999999999998,4,0.6523826889593981
4,0.7238405862513958,0.6317154207284909,1.1458333333333335,1.0000000000000004,4,0.6523826889593982
4,0.7304209552173175,0.6317154207284909,1.15625,0.9999999999999998,4,0.6523826889593975
4,0.7370013241832394,0.6317154207284909,1.1666666666666667,0.9999999999999998,4,0.6523826889593975
4,0.7435816931491611,0.6317154207284909,1.1770833333333333,1.0,4,0.6523826889593977
4,0.7501620621150829,0.6317154207284909,1.1875,0.9999999999999996,4,0.6523826889593974
4,0.7567424310810047,0.6317154207284909,1.1979166666666667,1.0,4,0.652382688959398
4,0.7633228000469264,0.6317154207284909,1.2083333333333333,1.0,4,0.6523826889593975
4,0.7699031690128483,0.6317154207284909,1.21875,1.0,4,0.652382688959398
4,0.77648353797877,0.6317154207284909,1.2291666666666667,1.0000000000000004,4,0.652382688959398
4,0.7830639069446917,0.6317154207284909,1.2395833333333333,1.0,4,0.6523826889593982
4,0.7896442759106136,0.6317154207284909,1.25,1.0,4,0.6523826889593981
