delta,probe_edge,canonical,rel_gap,norm_delta,G_r,g_pair,mac_r,mac_r1,eps_sub,sin_individual,sin_subspace,dk_individual,dk_subspace,weyl_ok_individual,weyl_ok_subspace
0.001,0,False,0.0008157556194345255,0.0009861262707232732,0.00022485319060638886,0.1250309828680036,0.8496272169787135,0.8496288768582116,0.002153577203736229,0.3877792967930167,0.0021535767256897847,8.771289996498309,0.01577411051410091,False,True
0.001,1,False,0.0008157556194345255,0.002026185812324487,0.00022485319060638886,0.1250309828680036,0.026548399767109106,0.026548478487252076,0.0035785637188711287,0.9866365086661303,0.0035785636982089693,18.022299855832387,0.032410939526302064,False,True
0.001,2,False,0.0008157556194345255,0.00310446804500966,0.00022485319060638886,0.1250309828680036,0.026640770194894914,0.02664086444691581,0.003898116972031597,0.9865896967864123,0.0038981169445474234,27.613288800905735,0.04965918004958941,False,True
0.001,3,False,0.0008157556194345255,0.003028597440151158,0.00022485319060638886,0.1250309828680036,0.02634865646033233,0.026348764702166523,0.004188902016429736,0.9867377278383895,0.004188902001216489,26.938443096880878,0.0484455511854766,False,True
0.001,4,True,0.0008157556194345255,0.0021020564171829997,0.00022485319060638886,0.1250309828680036,0.026472104351322936,0.026472168641098453,0.0032381773944818097,0.9866751723078254,0.0032381773872818694,18.69714555985734,0.03362456839041505,False,True
0.001,5,False,0.0008157556194345255,0.0031105032067597622,0.00022485319060638886,0.1250309828680036,0.8486647030424785,0.848669067139366,0.0034914169561575024,0.38901837611804596,0.0034914162266012835,27.666969709180385,0.049755718709234655,False,True
0.001,6,False,0.0008157556194345255,0.000985141129593696,0.00022485319060638886,0.1250309828680036,0.8500437882729359,0.8500454440091614,0.002152114352347028,0.38724180007724385,0.002152113831209555,8.762527469029427,0.015758352161939236,False,True
0.001,7,False,0.0008157556194345255,0.003025571868282963,0.00022485319060638886,0.1250309828680036,0.9947234781635912,0.9947408040208107,0.004185369824464668,0.0726396712300435,0.004185369808867214,26.91153156531634,0.04839715403144656,False,True
0.001,8,False,0.0008157556194345255,0.002024161650673784,0.00022485319060638886,0.1250309828680036,0.994754285877383,0.9947668963506728,0.003570628255027686,0.07242730232872811,0.0035706282341330473,18.004295560271853,0.03237856096533626,False,True
0.001,9,False,0.0008157556194345255,0.002099956460722199,0.00022485319060638886,0.1250309828680036,0.9947339708323437,0.9947443392383629,0.003237731905905069,0.07256741119577219,0.0032377318939035174,18.678467092763878,0.033590977413000794,False,True
0.001,10,False,0.0008157556194345255,0.003101366678331283,0.00022485319060638886,0.1250309828680036,0.9947680514398669,0.9947830764452176,0.0038973719781140873,0.07233220970033401,0.0038973719507101197,27.58570309780752,0.04960957047910957,False,True
0.001,11,False,0.0008157556194345255,0.0031073958109488686,0.00022485319060638886,0.1250309828680036,0.8486057922162442,0.8486101557726506,0.0034909308897824592,0.38909408603030166,0.003490930179810761,27.639330378802075,0.049706012696539,False,True
0.002,0,False,0.0016300317924974835,0.0009866183104876383,0.0004494816478137764,0.12491865573698346,0.9450522356168037,0.9450532979489631,0.0021543108055568265,0.23440939482707654,0.002154308791621523,4.390027113616001,0.015796172391815768,False,True
0.002,1,False,0.0016300317924974835,0.002027196802518284,0.0004494816478137764,0.12491865573698346,0.1468562042639966,0.14685526652835082,0.003582536953561594,0.9236578347721647,0.003582536867843653,9.020153825538019,0.03245626989112902,False,True
0.002,2,False,0.0016300317924974835,0.003106017057312144,0.0004494816478137764,0.12491865573698346,0.1479074259550756,0.1479063095039623,0.0038984924410422938,0.9230886057388664,0.0038984923306890134,13.820439933062584,0.049728634029682015,False,True
0.002,3,False,0.0016300317924974835,0.0030301085958874697,0.0004494816478137764,0.12491865573698346,0.14354002454402834,0.14353878223617825,0.004190667823708483,0.9254512280266161,0.004190667762457251,13.48267992976152,0.04851330776833479,False,True
0.002,4,True,0.0016300317924974835,0.0021031052639429912,0.0004494816478137764,0.12491865573698346,0.1470698173813141,0.1470690471764572,0.003238403564766914,0.9235421931989279,0.003238403515056513,9.35791382883923,0.03367159615247677,False,True
0.002,5,False,0.0016300317924974835,0.003112055230380134,0.0004494816478137764,0.12491865573698346,0.9446745509117173,0.9446773281620925,0.003491667133739335,0.23521362436789825,0.0034916642472964483,13.847307206052967,0.049825307709563796,False,True
0.002,6,False,0.0016300317924974835,0.000984649012462656,0.0004494816478137764,0.12491865573698346,0.9454819196293842,0.945482975184826,0.0021513865611540667,0.23349107128671062,0.0021513845212074684,4.3812645844468525,0.015764643105603646,False,True
0.002,7,False,0.0016300317924974835,0.0030240604749375197,0.0004494816478137764,0.12491865573698346,0.9967698768540951,0.9967871672688458,0.004183606987443613,0.056834172342921235,0.0041836069258501685,13.455768392975235,0.0484164748186962,False,True
0.002,8,False,0.0016300317924974835,0.0020231505015152283,0.0004494816478137764,0.12491865573698346,0.9968032737643528,0.9968158417196524,0.003566673912226734,0.05653959882814125,0.003566673827839579,9.002149526484937,0.03239148691729403,False,True
0.002,9,False,0.0016300317924974835,0.0020989074490449563,0.0004494816478137764,0.12491865573698346,0.9967765287531097,0.9967868834038214,0.0032375130374789713,0.056775621941906225,0.0032375129886807936,9.339235358123227,0.03360438737772221,False,True
0.002,10,False,0.0016300317924974835,0.0030998174224672655,0.0004494816478137764,0.12491865573698346,0.9968199722457036,0.9968349782003266,0.0038970031694782895,0.05639173480481317,0.0038970030616183714,13.792854224613606,0.04962937527912466,False,True
0.002,11,False,0.0016300317924974835,0.003105843543293495,0.0004494816478137764,0.12491865573698346,0.9446134160388088,0.944616193086132,0.0034906954943058257,0.23534354454964604,0.0034906926221669804,13.819667870312111,0.049725855997567826,False,True
0.005,0,False,0.004064020636716668,0.000988091330197984,0.0011220209407245552,0.12458229607104501,0.9897314495693047,0.9897319308256873,0.002156518812666947,0.10133385629045852,0.0021565062443872373,1.7612707469789557,0.015862467804165517,False,True
0.005,1,False,0.004064020636716668,0.002030223404412052,0.0011220209407245552,0.12458229607104501,0.9895141813001676,0.9895019189424088,0.003594470833173314,0.1024002866198745,0.003594470301268814,3.6188690080971515,0.032592486548077185,False,True
0.005,2,False,0.004064020636716668,0.0031106543362856643,0.0011220209407245552,0.12458229607104501,0.9894141647688712,0.9893997477383524,0.0038996300857565393,0.10288748821469387,0.003899629382377708,5.544734903569502,0.04993734157077607,False,True
0.005,3,False,0.004064020636716668,0.0030346325436379214,0.0011220209407245552,0.12458229607104501,0.9894772331149193,0.9894605157508811,0.004195960439441531,0.10258053852988243,0.004195960059855964,5.409226215828521,0.048716914671525634,False,True
0.005,4,True,0.004064020636716668,0.0021062451970597835,0.0011220209407245552,0.12458229607104501,0.9898496810546461,0.9898397122674016,0.003239095225184923,0.10074879128482832,0.0032390949138243193,3.7543776958381128,0.033812913447327446,False,True
0.005,5,False,0.004064020636716668,0.0031167015243372303,0.0011220209407245552,0.12458229607104501,0.989726248820626,0.9897274529598927,0.003492445548156223,0.10135951449851174,0.003492427657934482,5.5555140037307895,0.05003442098321711,False,True
0.005,6,False,0.004064020636716668,0.0009831754529333087,0.0011220209407245552,0.12458229607104501,0.9899606460121065,0.9899611188219078,0.0021492190939687264,0.1001965767274185,0.002149206502631004,1.7525082059491943,0.0157835500538959,False,True
0.005,7,False,0.004064020636716668,0.003019534869291409,0.0011220209407245552,0.12458229607104501,0.9988105607287036,0.9988277614727492,0.00417833509551971,0.03448824830716173,0.004178334703863996,5.382314642615346,0.04847454196171617,False,True
0.005,8,False,0.004064020636716668,0.002020122790459725,0.0011220209407245552,0.12458229607104501,0.9988372246031506,0.998849678282181,0.003554871848340972,0.034099492618650376,0.00355487132209811,3.6008646846737324,0.032430334873708194,False,True
0.005,9,False,0.004064020636716668,0.0020957663652336894,0.0011220209407245552,0.12458229607104501,0.9988113093378275,0.9988216327545215,0.003236872323688869,0.034477393494470134,0.0032368720075183406,3.73569919983905,0.03364468999734193,False,True
0.005,10,False,0.004064020636716668,0.0030951784440653987,0.0011220209407245552,0.12458229607104501,0.9988512395985323,0.9988662039284304,0.003895911995022945,0.03389336810450857,0.0038959113343169783,5.517149157780708,0.049688897085350306,False,True
0.005,11,False,0.004064020636716668,0.0031011955466041918,0.0011220209407245552,0.12458229607104501,0.9896935380055675,0.9896947417110624,0.0034900202201141317,0.10152074662074016,0.0034900023488578093,5.527874630577869,0.04978549351563863,False,True
0.01,0,False,0.008091423406390474,0.0009905360773884385,0.0022384467552981624,0.12402376369664792,0.9973273012133281,0.9973275672283498,0.0021602226270520395,0.05169815070843316,0.002160172583290279,0.8850208967838492,0.01597332717318932,True,True
0.01,1,False,0.008091423406390474,0.0020352466070375215,0.0022384467552981624,0.12402376369664792,0.9987901853145223,0.9987774930172646,0.003614408351973376,0.03478239045088262,0.003614406177053791,1.8184454039126121,0.0328202684126821,False,True
0.01,2,False,0.008091423406390474,0.0031183507538302836,0.0022384467552981624,0.12402376369664792,0.9987611169915347,0.9987463498975351,0.0039015640757034615,0.03519776993596765,0.003901561196540005,2.786173713044086,0.05028634288921464,False,True
0.01,3,False,0.008091423406390474,0.0030421408671688923,0.0022384467552981624,0.12402376369664792,0.9988083311350232,0.9987911388078874,0.004204764871155613,0.03452055713595584,0.0042047633803368525,2.718081955685095,0.04905738668937225,False,True
0.01,4,True,0.008091423406390474,0.00211145649369883,0.0022384467552981624,0.12402376369664792,0.9988585775355163,0.9988483669731372,0.0032402912702876345,0.03378494434631611,0.003240290048123963,1.886537161271529,0.03404922461252315,False,True
0.01,5,False,0.008091423406390474,0.003124412903905609,0.0022384467552981624,0.12402376369664792,0.9973577057117314,0.9973582811960897,0.003493834776731233,0.0514032517285489,0.003493763492438447,2.791590102833994,0.050384100768747345,False,True
0.01,6,False,0.008091423406390474,0.0009807287894935985,0.0022384467552981624,0.12402376369664792,0.9974476030093187,0.9974478599596572,0.0021456591741716535,0.05052125286135853,0.0021456090853131425,0.8762583136474603,0.015815175419000856,True,True
0.01,7,False,0.008091423406390474,0.003012020660563324,0.0022384467552981624,0.12402376369664792,0.9995561769926471,0.9995732662306291,0.004169604243064847,0.021067107237418857,0.004169602659342173,2.691170253153617,0.04857166998947851,False,True
0.01,8,False,0.008091423406390474,0.0020150956505321617,0.0022384467552981624,0.12402376369664792,0.9995750022552069,0.9995872954698203,0.003535402292975019,0.020615473431214202,0.0035354002242063824,1.8004409939728496,0.03249531526008068,False,True
0.01,9,False,0.008091423406390474,0.0020905509838602373,0.0022384467552981624,0.12402376369664792,0.9995560457294977,0.9995663397582013,0.00323585713260167,0.02107022236480327,0.0032358558635769454,1.8678585755163737,0.033712103576755754,False,True
0.01,10,False,0.008091423406390474,0.003087475993891347,0.0022384467552981624,0.12402376369664792,0.9995838733251392,0.9995988021726805,0.003894142969785811,0.020399183191020052,0.003894140416736398,2.758587834697094,0.049788458306152736,False,True
0.01,11,False,0.008091423406390474,0.003093478122678893,0.0022384467552981624,0.12402376369664792,0.9973405427901395,0.9973411159128589,0.003488997149359269,0.05156992543974147,0.0034889261248844117,2.7639505968654055,0.04988524828588963,False,True
0.02,0,False,0.016038186673321138,0.0009953873445430058,0.0044546288884956264,0.12291441076449475,0.9993037519212422,0.9993039263245367,0.0021677179369451326,0.02638651319818116,0.002167519827987197,0.44690023319951944,0.016196430318495006,True,True
0.02,1,False,0.016038186673321138,0.0020452144671098777,0.0044546288884956264,0.12291441076449475,0.9997699868579354,0.9997569477838923,0.003654465802683406,0.015166184162953159,0.0036544569745170946,0.9182423579175267,0.03327867667247788,True,True
0.02,2,False,0.016038186673321138,0.0031336232440845515,0.0044546288884956264,0.12291441076449475,0.9997584094705536,0.9997435563840665,0.0039055775212047867,0.015543182732194502,0.003905565437463472,1.4069065336406994,0.050988703840245474,False,True
0.02,3,False,0.016038186673321138,0.0030570401105232733,0.0044546288884956264,0.12291441076449475,0.999779560808464,0.9997621281152781,0.004222307354354782,0.014847194736246508,0.0042223016181866715,1.372522913600404,0.04974258252566647,False,True
0.02,4,True,0.016038186673321138,0.0021217976006709157,0.0044546288884956264,0.12291441076449475,0.9997945204366859,0.9997842382379007,0.003242841566347908,0.014334558357831276,0.003242836831181379,0.9526259779577142,0.03452479798705298,True,True
0.02,5,False,0.016038186673321138,0.0031397150842540954,0.0044546288884956264,0.12291441076449475,0.9993264680669491,0.9993266859533914,0.0034969499668712663,0.025952493773255467,0.0034966670828421847,1.4096415943256764,0.051087827126630764,False,True
0.02,6,False,0.016038186673321138,0.0009758699456304266,0.0044546288884956264,0.12291441076449475,0.9993649726606726,0.9993651366323623,0.0021387326097553746,0.025199748794926702,0.002138534129104959,0.43813748352895354,0.015878853253426944,True,True
0.02,7,False,0.016038186673321138,0.002997098147571893,0.0044546288884956264,0.12291441076449475,0.9998491528562088,0.9998660636656805,0.004152352891007901,0.012281984521697244,0.004152346422203951,1.3456106996082646,0.048767237770262165,False,True
0.02,8,False,0.016038186673321138,0.0020051122226567224,0.0044546288884956264,0.12291441076449475,0.9998619988989254,0.9998740100059935,0.003497195791905119,0.01174738698922647,0.003497187798039317,0.9002376058014876,0.03262615360046818,True,True
0.02,9,False,0.016038186673321138,0.0020801937261481097,0.0044546288884956264,0.12291441076449475,0.9998505736167168,0.9998608355544819,0.003234021960718446,0.012224008478530723,0.0032340168513544415,0.933947037213514,0.033847841163779924,True,True
0.02,10,False,0.016038186673321138,0.003072179651063165,0.0044546288884956264,0.12291441076449475,0.9998659857341482,0.9998808821639263,0.0038907818443323213,0.011576453077337663,0.003890772328853439,1.3793201310202392,0.049988925333572035,False,True
0.02,11,False,0.016038186673321138,0.003078152043386398,0.0044546288884956264,0.12291441076449475,0.9993177685300706,0.9993179761850806,0.0034873301872991713,0.026119561059279046,0.003487049347805513,1.382001563064402,0.05008610502610908,False,True
0.05,0,False,0.03904549323321717,0.0010096420541656475,0.010971895619932615,0.1196472752635698,0.9998752041957224,0.9998753853458983,0.0021908725173115187,0.011171204244735652,0.0021896726471703873,0.18404149823143293,0.01687697529160638,True,True
0.05,1,False,0.03904549323321717,0.0020745035056981636,0.010971895619932615,0.1196472752635698,0.9999654324002686,0.9999514858613928,0.003776166003269598,0.005879421717432467,0.0037761082903806707,0.3781486039530705,0.03467698702086212,True,True
0.05,2,False,0.03904549323321717,0.0031784991304979393,0.010971895619932615,0.1196472752635698,0.9999610829447468,0.9999461606530973,0.003918842286188383,0.006238353569104798,0.003918755563377041,0.5793892396722345,0.05313115778852556,True,True
0.05,3,False,0.03904549323321717,0.003100819267772119,0.010971895619932615,0.1196472752635698,0.9999692631139614,0.9999513341011035,0.0042743285096738205,0.0055440856810304645,0.004274296375638167,0.5652294508049946,0.05183267668973413,True,True
0.05,4,True,0.03904549323321717,0.002152183368423884,0.010971895619932615,0.1196472752635698,0.9999740178775371,0.9999636419809202,0.0032516804693307525,0.005097266175397665,0.003251653706255877,0.39230839282029223,0.035975468119651875,True,True
0.05,5,False,0.03904549323321717,0.0031846782104874155,0.010971895619932615,0.1196472752635698,0.9998848241596395,0.9998847302407451,0.0035088450809387045,0.010732000762228392,0.003507117242105621,0.5805155865139328,0.05323444605774631,True,True
0.05,6,False,0.03904549323321717,0.0009615638611101098,0.010971895619932615,0.1196472752635698,0.9999002986552935,0.9999004605941187,0.002119425918284687,0.009985056069271378,0.0021182204439460063,0.17527761736326386,0.016073309801529375,True,True
0.05,7,False,0.03904549323321717,0.002953161207402027,0.010971895619932615,0.1196472752635698,0.9999576821398014,0.9999741327134586,0.004102314446605534,0.006505217920914945,0.00410227122785867,0.5383137626714252,0.049364453990223135,True,True
0.05,8,False,0.03904549323321717,0.0019757176244744744,0.010971895619932615,0.1196472752635698,0.999966342108182,0.9999776038831214,0.0033880739904723085,0.005801542193070139,0.003388028812781407,0.36014152757435886,0.03302570192463114,True,True
0.05,9,False,0.03904549323321717,0.002049698446117988,0.010971895619932615,0.1196472752635698,0.9999613548901437,0.9999715666705694,0.003230033851574641,0.006216519110908817,0.0032300014860007415,0.3736270407812313,0.0342623505901447,True,True
0.05,10,False,0.03904549323321717,0.0030271420290455663,0.010971895619932615,0.1196472752635698,0.9999657440549281,0.9999805998977777,0.0038819428663958793,0.0058528578550903375,0.0038818948082063355,0.5517992758783022,0.050601102655737126,True,True
0.05,11,False,0.03904549323321717,0.0030330268671308813,0.010971895619932615,0.1196472752635698,0.9998813741945037,0.9998812163405425,0.0034852747031143745,0.010891547433503842,0.003483577605212527,0.5528719871561281,0.05069947243594902,True,True
